,0
0,A woman can apply for a passport in the same way as a man (1=yes; 0=no)
1,"A woman can be ""head of household"" in the same way as a man (1=yes; 0=no)"
2,A woman can choose where to live in the same way as a man (1=yes; 0=no)
3,A woman can get a job in the same way as a man (1=yes; 0=no)
4,A woman can obtain a judgment of divorce in the same way as a man (1=yes; 0=no)
5,A woman can open a bank account in the same way as a man (1=yes; 0=no)
6,A woman can register a business in the same way as a man (1=yes; 0=no)
7,A woman can sign a contract in the same way as a man (1=yes; 0=no)
8,A woman can travel outside her home in the same way as a man (1=yes; 0=no)
9,A woman can travel outside the country in the same way as a man (1=yes; 0=no)
10,A woman can work at night in the same way as a man (1=yes; 0=no)
11,A woman can work in a job deemed dangerous in the same way as a man (1=yes; 0=no)
12,A woman can work in an industrial job in the same way as a man (1=yes; 0=no)
13,A woman has the same rights to remarry as a man (1=yes; 0=no)
14,"Access to anti-retroviral drugs, female (%)"
15,"Access to anti-retroviral drugs, male (%)"
16,"Adjusted net enrollment rate, primary (% of primary school age children)"
17,"Adjusted net enrollment rate, primary, female (% of primary school age children)"
18,"Adjusted net enrollment rate, primary, male (% of primary school age children)"
19,"Adolescent fertility rate (births per 1,000 women ages 15-19)"
20,"Age at first marriage, female"
21,"Age at first marriage, male"
22,Age dependency ratio (% of working-age population)
23,"Age population, age 0, female, interpolated"
24,"Age population, age 0, male, interpolated"
25,"Age population, age 01, female, interpolated"
26,"Age population, age 01, male, interpolated"
27,"Age population, age 02, female, interpolated"
28,"Age population, age 02, male, interpolated"
29,"Age population, age 03, female, interpolated"
30,"Age population, age 03, male, interpolated"
31,"Age population, age 04, female, interpolated"
32,"Age population, age 04, male, interpolated"
33,"Age population, age 05, female, interpolated"
34,"Age population, age 05, male, interpolated"
35,"Birth rate, crude (per 1,000 people)"
36,Births attended by skilled health staff (% of total)
37,"Cause of death, by communicable diseases and maternal, prenatal and nutrition conditions (% of total)"
38,"Cause of death, by communicable diseases and maternal, prenatal and nutrition conditions, ages 0-4 (% of population ages 0-4)"
39,"Cause of death, by communicable diseases and maternal, prenatal and nutrition conditions, ages 0-4, female (% of female population ages 0-4)"
40,"Cause of death, by communicable diseases and maternal, prenatal and nutrition conditions, ages 0-4, male (% of male population ages 0-4)"
41,"Cause of death, by communicable diseases and maternal, prenatal and nutrition conditions, ages 15-59 (% of population ages 15-59)"
42,"Cause of death, by communicable diseases and maternal, prenatal and nutrition conditions, ages 15-59, female (% of female population ages 15-59)"
43,"Cause of death, by communicable diseases and maternal, prenatal and nutrition conditions, ages 15-59, male (% of male population ages 15-59)"
44,"Cause of death, by communicable diseases and maternal, prenatal and nutrition conditions, ages 5-14 (% of population ages 5-14)"
45,"Cause of death, by communicable diseases and maternal, prenatal and nutrition conditions, ages 5-14, female (% of female population ages 5-14)"
46,"Cause of death, by communicable diseases and maternal, prenatal and nutrition conditions, ages 5-14, male (% of male population ages 5-14)"
47,"Cause of death, by communicable diseases and maternal, prenatal and nutrition conditions, ages 60+ (% of population ages 60+)"
48,"Cause of death, by communicable diseases and maternal, prenatal and nutrition conditions, ages 60+, female (% of female population ages 60+)"
49,"Cause of death, by communicable diseases and maternal, prenatal and nutrition conditions, ages 60+, male (% of male population ages 60+)"
50,"Cause of death, by communicable diseases and maternal, prenatal and nutrition conditions, female (% of female population)"
51,"Cause of death, by communicable diseases and maternal, prenatal and nutrition conditions, male (% of male population)"
52,"Cause of death, by injury (% of total)"
53,"Cause of death, by injury, ages 0-4 (% of population ages 0-4)"
54,"Cause of death, by injury, ages 0-4, female (% of female population ages 0-4)"
55,"Cause of death, by injury, ages 0-4, male (% of male population ages 0-4)"
56,"Cause of death, by injury, ages 15-59 (% of population ages 15-59)"
57,"Cause of death, by injury, ages 15-59, female (% of female population ages 15-59)"
58,"Cause of death, by injury, ages 15-59, male (% of male population ages 15-59)"
59,"Cause of death, by injury, ages 5-14 (% of population ages 5-14)"
60,"Cause of death, by injury, ages 5-14, female (% of female population ages 5-14)"
61,"Cause of death, by injury, ages 5-14, male (% of male population ages 5-14)"
62,"Cause of death, by injury, ages 60+ (% of population ages 60+)"
63,"Cause of death, by injury, ages 60+, female (% of female population ages 60+)"
64,"Cause of death, by injury, ages 60+, male (% of male population ages 60+)"
65,"Cause of death, by injury, female (% of female population)"
66,"Cause of death, by injury, male (% of male population)"
67,"Cause of death, by non-communicable diseases (% of total)"
68,"Cause of death, by non-communicable diseases, ages 0-4 (% of population ages 0-4)"
69,"Cause of death, by non-communicable diseases, ages 0-4, female (% of female population ages 0-4)"
70,"Cause of death, by non-communicable diseases, ages 0-4, male (% of male population ages 0-4)"
71,"Cause of death, by non-communicable diseases, ages 15-59 (% of population ages 15-59)"
72,"Cause of death, by non-communicable diseases, ages 15-59, female (% of female population ages 15-59)"
73,"Cause of death, by non-communicable diseases, ages 15-59, male (% of male population ages 15-59)"
74,"Cause of death, by non-communicable diseases, ages 5-14 (% of population ages 5-14)"
75,"Cause of death, by non-communicable diseases, ages 5-14, female (% of female population ages 5-14)"
76,"Cause of death, by non-communicable diseases, ages 5-14, male (% of male population ages 5-14)"
77,"Cause of death, by non-communicable diseases, ages 60+ (% of population ages 60+)"
78,"Cause of death, by non-communicable diseases, ages 60+, female (% of female population ages 60+)"
79,"Cause of death, by non-communicable diseases, ages 60+, male (% of male population ages 60+)"
80,"Cause of death, by non-communicable diseases, female (% of female population)"
81,"Cause of death, by non-communicable diseases, male (% of male population)"
82,"Children in employment, female (% of female children ages 7-14)"
83,"Children in employment, male (% of male children ages 7-14)"
84,"Children in employment, total (% of children ages 7-14)"
85,Children out of school (% of primary school age)
86,"Children out of school, primary"
87,"Children out of school, primary, female"
88,"Children out of school, primary, male"
89,Completeness of birth registration (%)
90,"Completeness of birth registration, female (%)"
91,"Completeness of birth registration, male (%)"
92,"Contraceptive prevalence, any method (% of married women ages 15-49)"
93,"Contraceptive prevalence, any modern method (% of married women ages 15-49)"
94,Cost of business start-up procedures (% of GNI per capita)
95,"Cost of business start-up procedures, female (% of GNI per capita)"
96,"Cost of business start-up procedures, male (% of GNI per capita)"
97,Criminal penalties or civil remedies exist for sexual harassment in employment (1=yes; 0=no)
98,"Death rate, crude (per 1,000 people)"
99,Decision maker about a woman's own health care: mainly husband (% of women age 15-49)
100,Decision maker about a woman's own health care: mainly wife (% of women age 15-49)
101,Decision maker about a woman's own health care: other (% of women age 15-49)
102,Decision maker about a woman's own health care: someone else (% of women age 15-49)
103,Decision maker about a woman's own health care: wife and husband jointly (% of women age 15-49)
104,Decision maker about a woman's visits to her family or relatives: mainly husband (% of women age 15-49)
105,Decision maker about a woman's visits to her family or relatives: mainly wife (% of women age 15-49)
106,Decision maker about a woman's visits to her family or relatives: other (% of women age 15-49)
107,Decision maker about a woman's visits to her family or relatives: someone else (% of women age 15-49)
108,Decision maker about major household purchases: mainly husband (% of women age 15-49)
109,Decision maker about major household purchases: mainly wife (% of women age 15-49)
110,Decision maker about major household purchases: other (% of women age 15-49)
111,Decision maker about major household purchases: someone else (% of women age 15-49)
112,Decision maker about major household purchases: wife and husband jointly (% of women age 15-49)
113,Decision maker about Visits to her family or relatives: wife and husband jointly (% of women age 15-49)
114,Demand for family planning satisfied by any methods (% of married women with demand for family planning)
115,Demand for family planning satisfied by modern methods (% of married women with demand for family planning)
116,Dismissal of pregnant workers is prohibited (1=yes; 0=no)
117,"Educational attainment, at least Bachelor's or equivalent, population 25+, female (%) (cumulative)"
118,"Educational attainment, at least Bachelor's or equivalent, population 25+, male (%) (cumulative)"
119,"Educational attainment, at least Bachelor's or equivalent, population 25+, total (%) (cumulative)"
120,"Educational attainment, at least completed lower secondary, population 25+, female (%) (cumulative)"
121,"Educational attainment, at least completed lower secondary, population 25+, male (%) (cumulative)"
122,"Educational attainment, at least completed lower secondary, population 25+, total (%) (cumulative)"
123,"Educational attainment, at least completed post-secondary, population 25+, female (%) (cumulative)"
124,"Educational attainment, at least completed post-secondary, population 25+, male (%) (cumulative)"
125,"Educational attainment, at least completed post-secondary, population 25+, total (%) (cumulative)"
126,"Educational attainment, at least completed primary, population 25+ years, female (%) (cumulative)"
127,"Educational attainment, at least completed primary, population 25+ years, male (%) (cumulative)"
128,"Educational attainment, at least completed primary, population 25+ years, total (%) (cumulative)"
129,"Educational attainment, at least completed short-cycle tertiary, population 25+, female (%) (cumulative)"
130,"Educational attainment, at least completed short-cycle tertiary, population 25+, male (%) (cumulative)"
131,"Educational attainment, at least completed short-cycle tertiary, population 25+, total (%) (cumulative)"
132,"Educational attainment, at least completed upper secondary, population 25+, female (%) (cumulative)"
133,"Educational attainment, at least completed upper secondary, population 25+, male (%) (cumulative)"
134,"Educational attainment, at least completed upper secondary, population 25+, total (%) (cumulative)"
135,"Educational attainment, at least Master's or equivalent, population 25+, female (%) (cumulative)"
136,"Educational attainment, at least Master's or equivalent, population 25+, male (%) (cumulative)"
137,"Educational attainment, at least Master's or equivalent, population 25+, total (%) (cumulative)"
138,"Educational attainment, Doctoral or equivalent, population 25+, female (%) (cumulative)"
139,"Educational attainment, Doctoral or equivalent, population 25+, male (%) (cumulative)"
140,"Educational attainment, Doctoral or equivalent, population 25+, total (%) (cumulative)"
141,"Employers, female (% of female employment) (modeled ILO estimate)"
142,"Employers, male (% of male employment) (modeled ILO estimate)"
143,"Employers, total (% of total employment) (modeled ILO estimate)"
144,Employment in agriculture (% of total employment) (modeled ILO estimate)
145,"Employment in agriculture, female (% of female employment) (modeled ILO estimate)"
146,"Employment in agriculture, male (% of male employment) (modeled ILO estimate)"
147,Employment in industry (% of total employment) (modeled ILO estimate)
148,"Employment in industry, female (% of female employment) (modeled ILO estimate)"
149,"Employment in industry, male (% of male employment) (modeled ILO estimate)"
150,Employment in services (% of total employment) (modeled ILO estimate)
151,"Employment in services, female (% of female employment) (modeled ILO estimate)"
152,"Employment in services, male (% of male employment) (modeled ILO estimate)"
153,"Employment to population ratio, 15+, female (%) (modeled ILO estimate)"
154,"Employment to population ratio, 15+, female (%) (national estimate)"
155,"Employment to population ratio, 15+, male (%) (modeled ILO estimate)"
156,"Employment to population ratio, 15+, male (%) (national estimate)"
157,"Employment to population ratio, 15+, total (%) (modeled ILO estimate)"
158,"Employment to population ratio, 15+, total (%) (national estimate)"
159,"Employment to population ratio, ages 15-24, female (%) (modeled ILO estimate)"
160,"Employment to population ratio, ages 15-24, female (%) (national estimate)"
161,"Employment to population ratio, ages 15-24, male (%) (modeled ILO estimate)"
162,"Employment to population ratio, ages 15-24, male (%) (national estimate)"
163,"Employment to population ratio, ages 15-24, total (%) (modeled ILO estimate)"
164,"Employment to population ratio, ages 15-24, total (%) (national estimate)"
165,Expected Years of School
166,"Expected Years of School, Female"
167,"Expected Years of School, Male"
168,Expected years of schooling
169,"Expected years of schooling, female"
170,"Expected years of schooling, male"
171,Male and female surviving spouses have equal rights to inherit assets (1=yes; 0=no)
172,Female genital mutilation prevalence (%)
173,Female genital mutilation prevalence (%): Q1 (lowest)
174,Female genital mutilation prevalence (%): Q2
175,Female genital mutilation prevalence (%): Q3
176,Female genital mutilation prevalence (%): Q4
177,Female genital mutilation prevalence (%): Q5 (highest)
178,Female headed households (% of households with a female head)
179,Female migrants (% of international migrant stock)
180,Female primary school age children out-of-school (%)
181,Female professional and technical workers (% of total)
182,Female pupils below minimum reading proficiency at end of primary (%). Low GAML threshold
183,Female share of employment in senior and middle management (%)
184,"Female share of graduates from Science, Technology, Engineering and Mathematics (STEM) programmes, tertiary (%)"
185,"Female share of graduates in Agriculture, Forestry, Fisheries and Veterinary programmes, tertiary (%)"
186,"Female share of graduates in Arts and Humanities programmes, tertiary (%)"
187,"Female share of graduates in Business, Administration and Law programmes, tertiary (%)"
188,"Female share of graduates in Education programmes, tertiary (%)"
189,"Female share of graduates in Engineering, Manufacturing and Construction programmes, tertiary (%)"
190,"Female share of graduates in Health and Welfare programmes, tertiary (%)"
191,"Female share of graduates in Information and Communication Technologies programmes, tertiary (%)"
192,"Female share of graduates in Natural Sciences, Mathematics and Statistics programmes, tertiary (%)"
193,"Female share of graduates in other fields than Science, Technology, Engineering and Mathematics programmes, tertiary (%)"
194,"Female share of graduates in Services programmes, tertiary (%)"
195,"Female share of graduates in Social Sciences, Journalism and Information programmes, tertiary (%)"
196,"Female share of graduates in unknown or unspecified fields, tertiary (%)"
197,"Fertility rate, total (births per woman)"
198,Firms with female participation in ownership (% of firms)
199,Firms with female top manager (% of firms)
200,Fraction of Children Under 5 Not Stunted
201,"Fraction of Children Under 5 Not Stunted, Female"
202,"Fraction of Children Under 5 Not Stunted, Male"
203,GDP (current US$)
204,GDP growth (annual %)
205,GDP per capita (constant 2015 US$)
206,GDP per capita (Current US$)
207,Gini index
208,"GNI per capita, Atlas method (current US$)"
209,"GNI per capita, PPP (current international $)"
210,"GNI, Atlas method (current US$)"
211,"Government expenditure on education, total (% of GDP)"
212,"Government expenditure per student, primary (% of GDP per capita)"
213,"Government expenditure per student, secondary (% of GDP per capita)"
214,"Gross graduation ratio, primary, female (%)"
215,"Gross graduation ratio, primary, male (%)"
216,"Gross graduation ratio, primary, total (%)"
217,"Gross graduation ratio, tertiary, female (%)"
218,"Gross graduation ratio, tertiary, male (%)"
219,"Gross graduation ratio, tertiary, total (%)"
220,"Gross intake ratio in first grade of primary education, total (% of relevant age group)"
221,Harmonized Test Scores
222,"Harmonized Test Scores, Female"
223,"Harmonized Test Scores, Male"
224,Households with water 30 minutes or longer away round trip (%)
225,Households with water less than 30 minutes away round trip (%)
226,Households with water on the premises (%)
227,Human Capital Index (HCI) (scale 0-1)
228,"Human Capital Index (HCI), Female (scale 0-1)"
229,"Human Capital Index (HCI), Female, Lower Bound (scale 0-1)"
230,"Human Capital Index (HCI), Female, Upper Bound (scale 0-1)"
231,"Human Capital Index (HCI), Lower Bound (scale 0-1)"
232,"Human Capital Index (HCI), Male (scale 0-1)"
233,"Human Capital Index (HCI), Male, Lower Bound (scale 0-1)"
234,"Human Capital Index (HCI), Male, Upper Bound (scale 0-1)"
235,"Human Capital Index (HCI), Upper Bound (scale 0-1)"
236,"Immunization, DPT (% of children ages 12-23 months)"
237,"Immunization, measles (% of children ages 12-23 months)"
238,"Incidence of HIV, ages 15-24 (per 1,000 uninfected population ages 15-24)"
239,"Incidence of HIV, ages 15-24, female (per 1,000 uninfected female population ages 15-24)"
240,"Incidence of HIV, ages 15-24, male (per 1,000 uninfected male population ages 15-24)"
241,"Incidence of HIV, ages 15-49 (per 1,000 uninfected population ages 15-49)"
242,"Incidence of HIV, ages 15-49, female (per 1,000 uninfected female population ages 15-49)"
243,"Incidence of HIV, ages 15-49, male (per 1,000 uninfected male population ages 15-49)"
244,"Inflation, consumer prices (annual %)"
245,"Informal employment, female (% of total non-agricultural employment)"
246,"Informal employment, male (% of total non-agricultural employment)"
247,"Intentional homicides (per 100,000 people)"
248,"Intentional homicides, female (per 100,000 female)"
249,"Intentional homicides, male (per 100,000 male)"
250,"Labor force participation rate for ages 15-24, female (%) (modeled ILO estimate)"
251,"Labor force participation rate for ages 15-24, female (%) (national estimate)"
252,"Labor force participation rate for ages 15-24, male (%) (modeled ILO estimate)"
253,"Labor force participation rate for ages 15-24, male (%) (national estimate)"
254,"Labor force participation rate for ages 15-24, total (%) (modeled ILO estimate)"
255,"Labor force participation rate for ages 15-24, total (%) (national estimate)"
256,"Labor force participation rate, female (% of female population ages 15+) (modeled ILO estimate)"
257,"Labor force participation rate, female (% of female population ages 15+) (national estimate)"
258,"Labor force participation rate, female (% of female population ages 15-64) (modeled ILO estimate)"
259,"Labor force participation rate, male (% of male population ages 15+) (modeled ILO estimate)"
260,"Labor force participation rate, male (% of male population ages 15+) (national estimate)"
261,"Labor force participation rate, male (% of male population ages 15-64) (modeled ILO estimate)"
262,"Labor force participation rate, total (% of total population ages 15+) (modeled ILO estimate)"
263,"Labor force participation rate, total (% of total population ages 15+) (national estimate)"
264,"Labor force participation rate, total (% of total population ages 15-64) (modeled ILO estimate)"
265,Labor force with advanced education (% of total working-age population with advanced education)
266,"Labor force with advanced education, female (% of female working-age population with advanced education)"
267,"Labor force with advanced education, male (% of male working-age population with advanced education)"
268,Labor force with basic education (% of total working-age population with basic education)
269,"Labor force with basic education, female (% of female working-age population with basic education)"
270,"Labor force with basic education, male (% of male working-age population with basic education)"
271,Labor force with intermediate education (% of total working-age population with intermediate education)
272,"Labor force with intermediate education, female (% of female working-age population with intermediate education)"
273,"Labor force with intermediate education, male (% of male working-age population with intermediate education)"
274,"Labor force, female"
275,"Labor force, female (% of total labor force)"
276,"Labor force, male"
277,"Labor force, total"
278,Law mandates equal remuneration for females and males for work of equal value (1=yes; 0=no)
279,The law prohibits discrimination in employment based on gender (1=yes; 0=no)
280,Learning poverty: Share of Children at the End-of-Primary age below minimum reading proficiency adjusted by Out-of-School Children (%)
281,Learning poverty: Share of Female Children at the End-of-Primary age below minimum reading proficiency adjusted by Out-of-School Children (%)
282,Learning poverty: Share of Male Children at the End-of-Primary age below minimum reading proficiency adjusted by Out-of-School Children (%)
283,Learning-Adjusted Years of School
284,"Learning-Adjusted Years of School, Female"
285,"Learning-Adjusted Years of School, Male"
286,Length of paid maternity leave (calendar days)
287,Length of paid parental leave for father (calendar days)
288,Length of paid parental leave for mother (calendar days)
289,Length of paid paternity leave (calendar days)
290,Length of paid shared parental leave (calendar days)
291,"Life expectancy at age 60, female (years)"
292,"Life expectancy at age 60, male (years)"
293,"Life expectancy at birth, female (years)"
294,"Life expectancy at birth, male (years)"
295,"Life expectancy at birth, total (years)"
296,"Literacy rate, adult female (% of females ages 15 and above)"
297,"Literacy rate, adult male (% of males ages 15 and above)"
298,"Literacy rate, adult total (% of people ages 15 and above)"
299,"Literacy rate, youth (ages 15-24), gender parity index (GPI)"
300,"Literacy rate, youth female (% of females ages 15-24)"
301,"Literacy rate, youth male (% of males ages 15-24)"
302,"Literacy rate, youth total (% of people ages 15-24)"
303,Location of cooking: inside the house (% of households)
304,Location of cooking: other places (% of households)
305,Location of cooking: outdoors (% of households)
306,Location of cooking: separate building (% of households)
307,"Lower secondary completion rate, female (% of relevant age group)"
308,"Lower secondary completion rate, male (% of relevant age group)"
309,"Lower secondary completion rate, total (% of relevant age group)"
310,Main cooking fuel: agricultural crop (% of households)
311,Main cooking fuel: charcoal (% of households)
312,Main cooking fuel: dung (% of households)
313,Main cooking fuel: electricity  (% of households)
314,Main cooking fuel: LPG/natural gas/biogas (% of households)
315,Main cooking fuel: straw/shrubs/grass (% of households)
316,Main cooking fuel: wood (% of households)
317,Male primary school age children out-of-school (%)
318,Male pupils below minimum reading proficiency at end of primary (%). Low GAML threshold
319,"Mandatory retirement age, female"
320,"Mandatory retirement age, male"
321,"Maternal mortality ratio (modeled estimate, per 100,000 live births)"
322,Women and men have equal ownership rights to immovable property (1=yes; 0=no)
323,Men who do not own a house (% of men)
324,Men who do not own a house (% of men): Q1 (lowest)
325,Men who do not own a house (% of men): Q2
326,Men who do not own a house (% of men): Q3
327,Men who do not own a house (% of men): Q4
328,Men who do not own a house (% of men): Q5 (highest)
329,Men who do not own land (% of men)
330,Men who do not own land (% of men): Q1 (lowest)
331,Men who do not own land (% of men): Q2
332,Men who do not own land (% of men): Q3
333,Men who do not own land (% of men): Q4
334,Men who do not own land (% of men): Q5 (highest)
335,Men who own a house alone (% of men)
336,Men who own a house alone (% of men): Q1 (lowest)
337,Men who own a house alone (% of men): Q2
338,Men who own a house alone (% of men): Q3
339,Men who own a house alone (% of men): Q4
340,Men who own a house alone (% of men): Q5 (highest)
341,Men who own a house both alone and jointly (% of men)
342,Men who own a house both alone and jointly (% of men): Q1 (lowest)
343,Men who own a house both alone and jointly (% of men): Q2
344,Men who own a house both alone and jointly (% of men): Q3
345,Men who own a house both alone and jointly (% of men): Q4
346,Men who own a house both alone and jointly (% of men): Q5 (highest)
347,Men who own a house jointly (% of men)
348,Men who own a house jointly (% of men): Q1 (lowest)
349,Men who own a house jointly (% of men): Q2
350,Men who own a house jointly (% of men): Q3
351,Men who own a house jointly (% of men): Q4
352,Men who own a house jointly (% of men): Q5 (highest)
353,Men who own land alone (% of men)
354,Men who own land alone (% of men): Q1 (lowest)
355,Men who own land alone (% of men): Q2
356,Men who own land alone (% of men): Q3
357,Men who own land alone (% of men): Q4
358,Men who own land alone (% of men): Q5 (highest)
359,Men who own land both alone and jointly (% of men)
360,Men who own land both alone and jointly (% of men): Q1 (lowest)
361,Men who own land both alone and jointly (% of men): Q2
362,Men who own land both alone and jointly (% of men): Q3
363,Men who own land both alone and jointly (% of men): Q4
364,Men who own land both alone and jointly (% of men): Q5 (highest)
365,Men who own land jointly (% of men)
366,Men who own land jointly (% of men): Q1 (lowest)
367,Men who own land jointly (% of men): Q2
368,Men who own land jointly (% of men): Q3
369,Men who own land jointly (% of men): Q4
370,Men who own land jointly (% of men): Q5 (highest)
371,Mobile money account (% age 15+)
372,"Mobile money account, male (% age 15+)"
373,"Mobile money account, female (% age 15+)"
374,"Mortality caused by road traffic injury (per 100,000 population)"
375,"Mortality caused by road traffic injury, female (per 100,000 female population)"
376,"Mortality caused by road traffic injury, male (per 100,000 male population)"
377,"Mortality from CVD, cancer, diabetes or CRD between exact ages 30 and 70 (%)"
378,"Mortality from CVD, cancer, diabetes or CRD between exact ages 30 and 70, female (%)"
379,"Mortality from CVD, cancer, diabetes or CRD between exact ages 30 and 70, male (%)"
380,"Mortality rate attributed to household and ambient air pollution, age-standardized (per 100,000 population)"
381,"Mortality rate attributed to household and ambient air pollution, age-standardized, female (per 100,000 female population)"
382,"Mortality rate attributed to household and ambient air pollution, age-standardized, male (per 100,000 male population)"
383,"Mortality rate attributed to unintentional poisoning (per 100,000 population)"
384,"Mortality rate attributed to unintentional poisoning, female (per 100,000 female population)"
385,"Mortality rate attributed to unintentional poisoning, male (per 100,000 male population)"
386,"Mortality rate attributed to unsafe water, unsafe sanitation and lack of hygiene (per 100,000 population)"
387,"Mortality rate attributed to unsafe water, unsafe sanitation and lack of hygiene, female (per 100,000 female population)"
388,"Mortality rate attributed to unsafe water, unsafe sanitation and lack of hygiene, male (per 100,000 male population)"
389,"Mortality rate, infant (per 1,000 live births)"
390,"Mortality rate, infant, female (per 1,000 live births)"
391,"Mortality rate, infant, male (per 1,000 live births)"
392,"Mortality rate, under-5 (per 1,000 live births)"
393,"Mortality rate, under-5, female (per 1,000 live births)"
394,"Mortality rate, under-5, male (per 1,000 live births)"
395,Net intake rate in grade 1 (% of official school-age population)
396,"Net intake rate in grade 1, female (% of official school-age population)"
397,"Net intake rate in grade 1, male (% of official school-age population)"
398,Number of female business owners
399,Number of female directors
400,Number of female sole proprietors
401,Number of infant deaths
402,"Number of infant deaths, female"
403,"Number of infant deaths, male"
404,Number of male business owners
405,Number of male directors
406,Number of male sole proprietors
407,Number of maternal deaths
408,"Number of under-five deaths, female"
409,"Number of under-five deaths, male"
410,Paid leave is available to fathers (1=yes; 0=no)
411,Paid leave of at least 14 weeks available to mothers (1=yes; 0=no)
412,"Part time employment, male (% of total male employment)"
413,"Part time employment, total (% of total employment)"
414,People practicing open defecation (% of population)
415,"People practicing open defecation, rural (% of rural population)"
416,"People practicing open defecation, urban (% of urban population)"
417,Percentage of students in lower secondary vocational education who are female (%)
418,Percentage of students in post-secondary non-tertiary vocational education who are female (%)
419,Percentage of students in upper secondary vocational education who are female (%)
420,"Persistence to grade 5, female (% of cohort)"
421,"Persistence to grade 5, male (% of cohort)"
422,Population ages 0-14 (% of total)
423,"Population ages 0-14, female"
424,"Population ages 0-14, male"
425,"Population ages 0-14, total"
426,Population ages 15-64 (% of total)
427,"Population ages 15-64, female"
428,"Population ages 15-64, male"
429,"Population ages 15-64, total"
430,Population ages 65 and above (% of total)
431,"Population ages 65 and above, female"
432,"Population ages 65 and above, male"
433,"Population ages 65 and above, total"
434,"Population, female"
435,"Population, female (% of total)"
436,"Population, male"
437,"Population, total"
438,Poverty headcount ratio at $2.15 a day (2017 PPP) (% of population)
439,Poverty headcount ratio at national poverty lines (% of population)
440,Pregnant women receiving prenatal care (%)
441,Prevalence of anemia among women of reproductive age (% of women ages 15-49)
442,Prevalence of current tobacco use (% of adults)
443,"Prevalence of current tobacco use, females (% of female adults)"
444,"Prevalence of current tobacco use, males (% of male adults)"
445,"Prevalence of HIV, female (% ages 15-24)"
446,"Prevalence of HIV, male (% ages 15-24)"
447,"Prevalence of obesity, female (% of female population ages 18+)"
448,"Prevalence of obesity, male (% of male population ages 18+)"
449,Prevalence of overweight (% of adults)
450,"Prevalence of overweight, female (% of female adults)"
451,"Prevalence of overweight, male (% of male adults)"
452,"Prevalence of overweight, weight for height (% of children under 5)"
453,"Prevalence of overweight, weight for height, female (% of children under 5)"
454,"Prevalence of overweight, weight for height, male (% of children under 5)"
455,"Prevalence of severe wasting, weight for height (% of children under 5)"
456,"Prevalence of severe wasting, weight for height, female (% of children under 5)"
457,"Prevalence of severe wasting, weight for height, male (% of children under 5)"
458,"Prevalence of stunting, height for age (% of children under 5)"
459,"Prevalence of stunting, height for age, female (% of children under 5)"
460,"Prevalence of stunting, height for age, male (% of children under 5)"
461,"Prevalence of underweight, weight for age (% of children under 5)"
462,"Prevalence of underweight, weight for age, female (% of children under 5)"
463,"Prevalence of underweight, weight for age, male (% of children under 5)"
464,"Prevalence of wasting, weight for height (% of children under 5)"
465,"Prevalence of wasting, weight for height, female (% of children under 5)"
466,"Prevalence of wasting, weight for height, male (% of children under 5)"
467,"Primary completion rate, female (% of relevant age group)"
468,"Primary completion rate, male (% of relevant age group)"
469,"Primary completion rate, total (% of relevant age group)"
470,"Primary education, pupils (% female)"
471,"Primary education, teachers (% female)"
472,Probability of Survival to Age 5
473,"Probability of Survival to Age 5, Female"
474,"Probability of Survival to Age 5, Male"
475,Progression to secondary school (%)
476,"Progression to secondary school, female (%)"
477,"Progression to secondary school, male (%)"
478,Proportion of seats held by women in national parliaments (%)
479,"Proportion of time spent on unpaid domestic and care work, female (% of 24 hour day)"
480,"Proportion of time spent on unpaid domestic and care work, male (% of 24 hour day)"
481,Proportion of women in ministerial level positions (%)
482,Proportion of women subjected to physical and/or sexual violence in the last 12 months (% of ever-partnered women ages 15-49)
483,Proportion of women who have ever experienced any form of sexual violence (% of women ages 15-49)
484,Proportion of women who have ever experienced intimate partner violence (% of ever-married women ages 15-49)
485,Proportion of women who have sought help to stop physical or sexual violence (% of ever-married women ages 15-49)
486,Pupils below minimum reading proficiency at end of primary (%). Low GAML threshold
487,"Rate of out-of-school youth of upper secondary school age, female (%)"
488,"Rate of out-of-school youth of upper secondary school age, male (%)"
489,Ratio of female to male labor force participation rate (%) (modeled ILO estimate)
490,Ratio of female to male labor force participation rate (%) (national estimate)
491,Ratio of female to male youth unemployment rate (% ages 15-24) (modeled ILO estimate)
492,Ratio of female to male youth unemployment rate (%) (national estimate)
493,Received government payments (% age 15+)
494,"Received government payments, male (% age 15+)"
495,"Received government payments, female (% age 15+)"
496,"Retirement age with full benefits, female"
497,"Retirement age with full benefits, male"
498,"Retirement age with partial benefits, female"
499,"Retirement age with partial benefits, male"
500,Rural population (% of total population)
501,"Rural population, female (% of total)"
502,"Rural population, male (% of total)"
503,"School enrollment, preprimary (% gross)"
504,"School enrollment, preprimary, female (% gross)"
505,"School enrollment, preprimary, male (% gross)"
506,"School enrollment, primary (% gross)"
507,"School enrollment, primary (% net)"
508,"School enrollment, primary (gross), gender parity index (GPI)"
509,"School enrollment, primary and secondary (gross), gender parity index (GPI)"
510,"School enrollment, primary, female (% gross)"
511,"School enrollment, primary, female (% net)"
512,"School enrollment, primary, male (% gross)"
513,"School enrollment, primary, male (% net)"
514,"School enrollment, secondary (% gross)"
515,"School enrollment, secondary (% net)"
516,"School enrollment, secondary (gross), gender parity index (GPI)"
517,"School enrollment, secondary, female (% gross)"
518,"School enrollment, secondary, female (% net)"
519,"School enrollment, secondary, male (% gross)"
520,"School enrollment, secondary, male (% net)"
521,"School enrollment, tertiary (% gross)"
522,"School enrollment, tertiary (gross), gender parity index (GPI)"
523,"School enrollment, tertiary, female (% gross)"
524,"School enrollment, tertiary, male (% gross)"
525,"Secondary education, pupils (% female)"
526,"Secondary education, teachers (% female)"
527,"Secondary education, vocational pupils"
528,"Secondary education, vocational pupils (% female)"
529,"Self-employed, female (% of female employment) (modeled ILO estimate)"
530,"Self-employed, male (% of male employment) (modeled ILO estimate)"
531,"Self-employed, total (% of total employment) (modeled ILO estimate)"
532,Sex ratio at birth (male births per female births)
533,Share of all students in lower secondary education enrolled in vocational programmes (%)
534,Share of all students in post-secondary non-tertiary education enrolled in vocational programmes (%)
535,Share of all students in upper secondary education enrolled in vocational programmes (%)
536,Share of female business owners (% of total business owners)
537,Share of female directors (% of total directors)
538,Share of female sole proprietors  (% of sole proprietors)
539,Share of female students in lower secondary education enrolled in vocational programmes (%)
540,Share of female students in post-secondary non-tertiary education enrolled in vocational programmes (%)
541,Share of female students in upper secondary education enrolled in vocational programmes (%)
542,Share of male business owners  (% of total business owners)
543,Share of male directors (% of total directors)
544,Share of male sole proprietors  (% of sole proprietors)
545,Share of male students in lower secondary education enrolled in vocational programmes (%)
546,Share of male students in post-secondary non-tertiary education enrolled in vocational programmes (%)
547,Share of male students in secondary education enrolled in vocational programmes (%)
548,Share of male students in upper secondary education enrolled in vocational programmes (%)
549,"Share of youth not in education, employment or training, female (% of female youth population)"
550,"Share of youth not in education, employment or training, male (% of male youth population)"
551,"Share of youth not in education, employment or training, total (% of youth population)"
552,Sons and daughters have equal rights to inherit assets from their parents (1=yes; 0=no)
553,Start-up procedures to register a business (number)
554,"Start-up procedures to register a business, female (number)"
555,"Start-up procedures to register a business, male (number)"
556,"Suicide mortality rate (per 100,000 population)"
557,"Suicide mortality rate, female (per 100,000 female population)"
558,"Suicide mortality rate, male (per 100,000 male population)"
559,Survival Rate from Age 15-60
560,"Survival Rate from Age 15-60, Female"
561,"Survival Rate from Age 15-60, Male"
562,"Tertiary education, academic staff (% female)"
563,The age at which women and men can retire with full pension benefits is the same (1=yes; 0=no)
564,The age at which women and men can retire with partial pension benefits is the same (1=yes; 0=no)
565,The government administers 100 percent of maternity leave benefits (1=yes; 0=no)
566,The law grants spouses equal administrative authority over assets during marriage (1=yes; 0=no)
567,The law prohibits discrimination in access to credit based on gender (1=yes; 0=no)
568,The law provides for the valuation of nonmonetary contributions (1=yes; 0=no)
569,The mandatory retirement age for women and men is the same (1=yes; 0=no)
570,There are periods of absence due to childcare accounted for in pension benefits (1=yes; 0=no)
571,There is legislation on sexual harassment in employment (1=yes; 0=no)
572,There is legislation specifically addressing domestic violence (1=yes; 0=no)
573,The law is free of legal provisions that require a married woman to obey her husband (1=yes; 0=no)
574,There is paid parental leave (1=yes; 0=no)
575,Time required to start a business (days)
576,"Time required to start a business, female (days)"
577,"Time required to start a business, male (days)"
578,"Time-related underemployment, female (% of employment)"
579,"Time-related underemployment, male (% of employment)"
580,"Total alcohol consumption per capita (liters of pure alcohol, projected estimates, 15+ years of age)"
581,"Total alcohol consumption per capita, female (liters of pure alcohol, projected estimates, female 15+ years of age)"
582,"Total alcohol consumption per capita, male (liters of pure alcohol, projected estimates, male 15+ years of age)"
583,Unemployment with advanced education (% of total labor force with advanced education)
584,"Unemployment with advanced education, female (% of female labor force with advanced education)"
585,"Unemployment with advanced education, male (% of male labor force with advanced education)"
586,Unemployment with basic education (% of total labor force with basic education)
587,"Unemployment with basic education, female (% of female labor force with basic education)"
588,"Unemployment with basic education, male (% of male labor force with basic education)"
589,Unemployment with intermediate education (% of total labor force with intermediate education)
590,"Unemployment with intermediate education, female (% of female labor force with intermediate education)"
591,"Unemployment with intermediate education, male (% of male labor force with intermediate education)"
592,"Unemployment, female (% of female labor force) (modeled ILO estimate)"
593,"Unemployment, female (% of female labor force) (national estimate)"
594,"Unemployment, male (% of male labor force) (modeled ILO estimate)"
595,"Unemployment, male (% of male labor force) (national estimate)"
596,"Unemployment, total (% of total labor force) (modeled ILO estimate)"
597,"Unemployment, total (% of total labor force) (national estimate)"
598,"Unemployment, youth female (% of female labor force ages 15-24) (modeled ILO estimate)"
599,"Unemployment, youth female (% of female labor force ages 15-24) (national estimate)"
600,"Unemployment, youth male (% of male labor force ages 15-24) (modeled ILO estimate)"
601,"Unemployment, youth male (% of male labor force ages 15-24) (national estimate)"
602,"Unemployment, youth total (% of total labor force ages 15-24) (modeled ILO estimate)"
603,"Unemployment, youth total (% of total labor force ages 15-24) (national estimate)"
604,Unmet need for contraception (% of married women ages 15-49)
605,Urban population (% of total population)
606,"Urban population, female (% of total)"
607,"Urban population, male (% of total)"
608,"Vocational and Technical enrolment (% of total secondary enrolment), female"
609,"Vocational and Technical enrolment (% of total secondary enrolment), total"
610,"Vulnerable employment, female (% of female employment) (modeled ILO estimate)"
611,"Vulnerable employment, male (% of male employment) (modeled ILO estimate)"
612,"Vulnerable employment, total (% of total employment) (modeled ILO estimate)"
613,"Wage and salaried workers, female (% of female employment) (modeled ILO estimate)"
614,"Wage and salaried workers, male (% of male employment) (modeled ILO estimate)"
615,"Wage and salaried workers, total (% of total employment) (modeled ILO estimate)"
616,Wanted fertility rate (births per woman)
617,Women Business and the Law Index Score (scale 1-100)
618,"Women making their own informed decisions regarding sexual relations, contraceptive use and reproductive health care  (% of women age 15-49)"
619,"Women participating in decision of visits to family, relatives, friends (% of women age 15-49)"
620,Women participating in decision of what food to cook daily (% of women age 15-49)
621,Women participating in making daily purchase decisions (% of women age 15-49)
622,Women participating in making major household purchase decisions (% of women age 15-49)
623,"Women participating in none of the three decisions (own health care, major household purchases, and visiting family) (% of women age 15-49)"
624,Women participating in own health care decisions (% of women age 15-49)
625,"Women participating in the three decisions (own health care, major household purchases, and visiting family) (% of women age 15-49)"
626,Women who believe a husband is justified in beating his wife (any of five reasons) (%)
627,Women who believe a husband is justified in beating his wife (any of five reasons) (%): Q1 (lowest)
628,Women who believe a husband is justified in beating his wife (any of five reasons) (%): Q2
629,Women who believe a husband is justified in beating his wife (any of five reasons) (%): Q3
630,Women who believe a husband is justified in beating his wife (any of five reasons) (%): Q4
631,Women who believe a husband is justified in beating his wife (any of five reasons) (%): Q5 (highest)
632,Women who believe a husband is justified in beating his wife when she argues with him (%)
633,Women who believe a husband is justified in beating his wife when she argues with him (%): Q1 (lowest)
634,Women who believe a husband is justified in beating his wife when she argues with him (%): Q2
635,Women who believe a husband is justified in beating his wife when she argues with him (%): Q3
636,Women who believe a husband is justified in beating his wife when she argues with him (%): Q4
637,Women who believe a husband is justified in beating his wife when she argues with him (%): Q5 (highest)
638,Women who believe a husband is justified in beating his wife when she burns the food (%)
639,Women who believe a husband is justified in beating his wife when she burns the food (%): Q1 (lowest)
640,Women who believe a husband is justified in beating his wife when she burns the food (%): Q2
641,Women who believe a husband is justified in beating his wife when she burns the food (%): Q3
642,Women who believe a husband is justified in beating his wife when she burns the food (%): Q4
643,Women who believe a husband is justified in beating his wife when she burns the food (%): Q5 (highest)
644,Women who believe a husband is justified in beating his wife when she goes out without telling him (%)
645,Women who believe a husband is justified in beating his wife when she goes out without telling him (%): Q1 (lowest)
646,Women who believe a husband is justified in beating his wife when she goes out without telling him (%): Q2
647,Women who believe a husband is justified in beating his wife when she goes out without telling him (%): Q3
648,Women who believe a husband is justified in beating his wife when she goes out without telling him (%): Q4
649,Women who believe a husband is justified in beating his wife when she goes out without telling him (%): Q5 (highest)
650,Women who believe a husband is justified in beating his wife when she neglects the children (%)
651,Women who believe a husband is justified in beating his wife when she neglects the children (%): Q1 (lowest)
652,Women who believe a husband is justified in beating his wife when she neglects the children (%): Q2
653,Women who believe a husband is justified in beating his wife when she neglects the children (%): Q3
654,Women who believe a husband is justified in beating his wife when she neglects the children (%): Q4
655,Women who believe a husband is justified in beating his wife when she neglects the children (%): Q5 (highest)
656,Women who believe a husband is justified in beating his wife when she refuses sex with him (%)
657,Women who believe a husband is justified in beating his wife when she refuses sex with him (%): Q1 (lowest)
658,Women who believe a husband is justified in beating his wife when she refuses sex with him (%): Q2
659,Women who believe a husband is justified in beating his wife when she refuses sex with him (%): Q3
660,Women who believe a husband is justified in beating his wife when she refuses sex with him (%): Q4
661,Women who believe a husband is justified in beating his wife when she refuses sex with him (%): Q5 (highest)
662,Women who believe a wife is justified refusing sex with her husband for all of the reasons (%)
663,Women who believe a wife is justified refusing sex with her husband for all of the reasons (%): Q1 (lowest)
664,Women who believe a wife is justified refusing sex with her husband for all of the reasons (%): Q2
665,Women who believe a wife is justified refusing sex with her husband for all of the reasons (%): Q3
666,Women who believe a wife is justified refusing sex with her husband for all of the reasons (%): Q4
667,Women who believe a wife is justified refusing sex with her husband for all of the reasons (%): Q5 (highest)
668,Women who believe a wife is justified refusing sex with her husband for none of the reasons (%)
669,Women who believe a wife is justified refusing sex with her husband for none of the reasons (%): Q1 (lowest)
670,Women who believe a wife is justified refusing sex with her husband for none of the reasons (%): Q2
671,Women who believe a wife is justified refusing sex with her husband for none of the reasons (%): Q3
672,Women who believe a wife is justified refusing sex with her husband for none of the reasons (%): Q4
673,Women who believe a wife is justified refusing sex with her husband for none of the reasons (%): Q5 (highest)
674,Women who believe a wife is justified refusing sex with her husband if she has recently given birth (%)
675,Women who believe a wife is justified refusing sex with her husband if she has recently given birth (%): Q1 (lowest)
676,Women who believe a wife is justified refusing sex with her husband if she has recently given birth (%): Q2
677,Women who believe a wife is justified refusing sex with her husband if she has recently given birth (%): Q3
678,Women who believe a wife is justified refusing sex with her husband if she has recently given birth (%): Q4
679,Women who believe a wife is justified refusing sex with her husband if she has recently given birth (%): Q5 (highest)
680,Women who believe a wife is justified refusing sex with her husband if she is tired or not in the mood (%)
681,Women who believe a wife is justified refusing sex with her husband if she is tired or not in the mood (%): Q1 (lowest)
682,Women who believe a wife is justified refusing sex with her husband if she is tired or not in the mood (%): Q2
683,Women who believe a wife is justified refusing sex with her husband if she is tired or not in the mood (%): Q3
684,Women who believe a wife is justified refusing sex with her husband if she is tired or not in the mood (%): Q4
685,Women who believe a wife is justified refusing sex with her husband if she is tired or not in the mood (%): Q5 (highest)
686,Women who believe a wife is justified refusing sex with her husband if she knows he has sex with other women (%)
687,Women who believe a wife is justified refusing sex with her husband if she knows he has sex with other women (%): Q1 (lowest)
688,Women who believe a wife is justified refusing sex with her husband if she knows he has sex with other women (%): Q2
689,Women who believe a wife is justified refusing sex with her husband if she knows he has sex with other women (%): Q3
690,Women who believe a wife is justified refusing sex with her husband if she knows he has sex with other women (%): Q4
691,Women who believe a wife is justified refusing sex with her husband if she knows he has sex with other women (%): Q5 (highest)
692,Women who believe a wife is justified refusing sex with her husband if she knows he has sexually transmitted disease (%)
693,Women who believe a wife is justified refusing sex with her husband if she knows he has sexually transmitted disease (%): Q1 (lowest)
694,Women who believe a wife is justified refusing sex with her husband if she knows he has sexually transmitted disease (%): Q2
695,Women who believe a wife is justified refusing sex with her husband if she knows he has sexually transmitted disease (%): Q3
696,Women who believe a wife is justified refusing sex with her husband if she knows he has sexually transmitted disease (%): Q4
697,Women who believe a wife is justified refusing sex with her husband if she knows he has sexually transmitted disease (%): Q5 (highest)
698,Women who do not own a house (% of women age 15-49)
699,Women who do not own a house (% of women age 15-49): Q1 (lowest)
700,Women who do not own a house (% of women age 15-49): Q2
701,Women who do not own a house (% of women age 15-49): Q3
702,Women who do not own a house (% of women age 15-49): Q4
703,Women who do not own a house (% of women age 15-49): Q5 (highest)
704,Women who do not own land (% of women age 15-49)
705,Women who do not own land (% of women age 15-49): Q1 (lowest)
706,Women who do not own land (% of women age 15-49): Q2
707,Women who do not own land (% of women age 15-49): Q3
708,Women who do not own land (% of women age 15-49): Q4
709,Women who do not own land (% of women age 15-49): Q5 (highest)
710,Women who own a house alone (% of women age 15-49)
711,Women who own a house alone (% of women age 15-49): Q1 (lowest)
712,Women who own a house alone (% of women age 15-49): Q2
713,Women who own a house alone (% of women age 15-49): Q3
714,Women who own a house alone (% of women age 15-49): Q4
715,Women who own a house alone (% of women age 15-49): Q5 (highest)
716,Women who own a house both alone and jointly (% of women age 15-49)
717,Women who own a house both alone and jointly (% of women age 15-49): Q1 (lowest)
718,Women who own a house both alone and jointly (% of women age 15-49): Q2
719,Women who own a house both alone and jointly (% of women age 15-49): Q3
720,Women who own a house both alone and jointly (% of women age 15-49): Q4
721,Women who own a house both alone and jointly (% of women age 15-49): Q5 (highest)
722,Women who own a house jointly (% of women age 15-49)
723,Women who own a house jointly (% of women age 15-49): Q1 (lowest)
724,Women who own a house jointly (% of women age 15-49): Q2
725,Women who own a house jointly (% of women age 15-49): Q3
726,Women who own a house jointly (% of women age 15-49): Q4
727,Women who own a house jointly (% of women age 15-49): Q5 (highest)
728,Women who own land alone (% of women age 15-49)
729,Women who own land alone (% of women age 15-49): Q1 (lowest)
730,Women who own land alone (% of women age 15-49): Q2
731,Women who own land alone (% of women age 15-49): Q3
732,Women who own land alone (% of women age 15-49): Q4
733,Women who own land alone (% of women age 15-49): Q5 (highest)
734,Women who own land both alone and jointly (% of women age 15-49)
735,Women who own land both alone and jointly (% of women age 15-49): Q1 (lowest)
736,Women who own land both alone and jointly (% of women age 15-49): Q2
737,Women who own land both alone and jointly (% of women age 15-49): Q3
738,Women who own land both alone and jointly (% of women age 15-49): Q4
739,Women who own land both alone and jointly (% of women age 15-49): Q5 (highest)
740,Women who own land jointly (% of women age 15-49)
741,Women who own land jointly (% of women age 15-49): Q1 (lowest)
742,Women who own land jointly (% of women age 15-49): Q2
743,Women who own land jointly (% of women age 15-49): Q3
744,Women who own land jointly (% of women age 15-49): Q4
745,Women who own land jointly (% of women age 15-49): Q5 (highest)
746,Women who were first married by age 15 (% of women ages 20-24)
747,Women who were first married by age 18 (% of women ages 20-24)
748,Women's share of population ages 15+ living with HIV (%)
749,"Youth illiterate population, 15-24 years, % female"
750,"Youth illiterate population, 15-24 years, both sexes (number)"
751,"Youth illiterate population, 15-24 years, female (number)"
752,"Youth illiterate population, 15-24 years, male (number)"
753,"Population ages 00-04, female"
754,"Population ages 00-04, male"
755,"Population ages 05-09, female"
756,"Population ages 05-09, male"
757,"Population ages 10-14, female"
758,"Population ages 15-19, female"
759,"Population ages 10-14, male"
760,"Population ages 15-19, male"
761,"Population ages 20-24, female"
762,"Population ages 20-24, male"
763,"Population ages 25-29, female"
764,"Population ages 30-34, female"
765,"Population ages 35-39, female"
766,"Population ages 40-44, female"
767,"Population ages 25-29, male"
768,"Population ages 30-34, male"
769,"Population ages 35-39, male"
770,"Population ages 40-44, male"
771,"Population ages 45-49, female"
772,"Population ages 50-54, female"
773,"Population ages 55-59, female"
774,"Population ages 60-64, female"
775,"Population ages 45-49, male"
776,"Population ages 50-54, male"
777,"Population ages 55-59, male"
778,"Population ages 60-64, male"
779,"Population ages 65-69, female"
780,"Population ages 70-74, female"
781,"Population ages 75-79, female"
782,"Population ages 80 and above, female"
783,"Population ages 65-69, male"
784,"Population ages 70-74, male"
785,"Population ages 75-79, male"
786,"Population ages 80 and above, male"
787,
788,Data from database: Gender Statistics
789,Last Updated: 04/17/2025
