,Series Name
0,A woman can apply for a passport in the same way as a man (1=yes; 0=no)
1,"A woman can be ""head of household"" in the same way as a man (1=yes; 0=no)"
2,A woman can choose where to live in the same way as a man (1=yes; 0=no)
3,A woman can get a job in the same way as a man (1=yes; 0=no)
4,A woman can obtain a judgment of divorce in the same way as a man (1=yes; 0=no)
5,A woman can open a bank account in the same way as a man (1=yes; 0=no)
6,A woman can register a business in the same way as a man (1=yes; 0=no)
7,A woman can sign a contract in the same way as a man (1=yes; 0=no)
8,A woman can travel outside her home in the same way as a man (1=yes; 0=no)
9,A woman can travel outside the country in the same way as a man (1=yes; 0=no)
10,A woman can work at night in the same way as a man (1=yes; 0=no)
11,A woman can work in a job deemed dangerous in the same way as a man (1=yes; 0=no)
12,A woman can work in an industrial job in the same way as a man (1=yes; 0=no)
13,A woman has the same rights to remarry as a man (1=yes; 0=no)
14,"Adolescent fertility rate (births per 1,000 women ages 15-19)"
15,Age dependency ratio (% of working-age population)
16,"Age population, age 0, female, interpolated"
17,"Age population, age 0, male, interpolated"
18,"Age population, age 01, female, interpolated"
19,"Age population, age 01, male, interpolated"
20,"Age population, age 02, female, interpolated"
21,"Age population, age 02, male, interpolated"
22,"Age population, age 03, female, interpolated"
23,"Age population, age 03, male, interpolated"
24,"Age population, age 04, female, interpolated"
25,"Age population, age 04, male, interpolated"
26,"Age population, age 05, female, interpolated"
27,"Age population, age 05, male, interpolated"
28,"Birth rate, crude (per 1,000 people)"
29,Cost of business start-up procedures (% of GNI per capita)
30,"Cost of business start-up procedures, female (% of GNI per capita)"
31,"Cost of business start-up procedures, male (% of GNI per capita)"
32,Criminal penalties or civil remedies exist for sexual harassment in employment (1=yes; 0=no)
33,"Death rate, crude (per 1,000 people)"
34,Dismissal of pregnant workers is prohibited (1=yes; 0=no)
35,"Employment to population ratio, 15+, female (%) (national estimate)"
36,"Employment to population ratio, 15+, male (%) (national estimate)"
37,"Employment to population ratio, 15+, total (%) (national estimate)"
38,"Employment to population ratio, ages 15-24, female (%) (national estimate)"
39,"Employment to population ratio, ages 15-24, male (%) (national estimate)"
40,"Employment to population ratio, ages 15-24, total (%) (national estimate)"
41,Female share of employment in senior and middle management (%)
42,"Fertility rate, total (births per woman)"
43,GDP (current US$)
44,GDP growth (annual %)
45,GDP per capita (Current US$)
46,GDP per capita (constant 2015 US$)
47,"GNI per capita, Atlas method (current US$)"
48,"GNI per capita, PPP (current international $)"
49,"GNI, Atlas method (current US$)"
50,"Labor force participation rate for ages 15-24, female (%) (national estimate)"
51,"Labor force participation rate for ages 15-24, male (%) (national estimate)"
52,"Labor force participation rate for ages 15-24, total (%) (national estimate)"
53,"Labor force participation rate, female (% of female population ages 15+) (national estimate)"
54,"Labor force participation rate, male (% of male population ages 15+) (national estimate)"
55,"Labor force participation rate, total (% of total population ages 15+) (national estimate)"
56,Law mandates equal remuneration for females and males for work of equal value (1=yes; 0=no)
57,Length of paid maternity leave (calendar days)
58,Length of paid parental leave for father (calendar days)
59,Length of paid parental leave for mother (calendar days)
60,Length of paid paternity leave (calendar days)
61,Length of paid shared parental leave (calendar days)
62,"Life expectancy at age 60, female (years)"
63,"Life expectancy at age 60, male (years)"
64,"Life expectancy at birth, female (years)"
65,"Life expectancy at birth, male (years)"
66,"Life expectancy at birth, total (years)"
67,Male and female surviving spouses have equal rights to inherit assets (1=yes; 0=no)
68,"Mortality rate, infant (per 1,000 live births)"
69,"Mortality rate, infant, female (per 1,000 live births)"
70,"Mortality rate, infant, male (per 1,000 live births)"
71,"Mortality rate, under-5 (per 1,000 live births)"
72,"Mortality rate, under-5, female (per 1,000 live births)"
73,"Mortality rate, under-5, male (per 1,000 live births)"
74,Number of infant deaths
75,"Number of infant deaths, female"
76,"Number of infant deaths, male"
77,"Number of under-five deaths, female"
78,"Number of under-five deaths, male"
79,Paid leave is available to fathers (1=yes; 0=no)
80,Paid leave of at least 14 weeks available to mothers (1=yes; 0=no)
81,Population ages 0-14 (% of total)
82,"Population ages 0-14, female"
83,"Population ages 0-14, male"
84,"Population ages 0-14, total"
85,"Population ages 00-04, female"
86,"Population ages 00-04, male"
87,"Population ages 05-09, female"
88,"Population ages 05-09, male"
89,"Population ages 10-14, female"
90,"Population ages 10-14, male"
91,"Population ages 15-19, female"
92,"Population ages 15-19, male"
93,Population ages 15-64 (% of total)
94,"Population ages 15-64, female"
95,"Population ages 15-64, male"
96,"Population ages 15-64, total"
97,"Population ages 20-24, female"
98,"Population ages 20-24, male"
99,"Population ages 25-29, female"
100,"Population ages 25-29, male"
101,"Population ages 30-34, female"
102,"Population ages 30-34, male"
103,"Population ages 35-39, female"
104,"Population ages 35-39, male"
105,"Population ages 40-44, female"
106,"Population ages 40-44, male"
107,"Population ages 45-49, female"
108,"Population ages 45-49, male"
109,"Population ages 50-54, female"
110,"Population ages 50-54, male"
111,"Population ages 55-59, female"
112,"Population ages 55-59, male"
113,"Population ages 60-64, female"
114,"Population ages 60-64, male"
115,Population ages 65 and above (% of total)
116,"Population ages 65 and above, female"
117,"Population ages 65 and above, male"
118,"Population ages 65 and above, total"
119,"Population ages 65-69, female"
120,"Population ages 65-69, male"
121,"Population ages 70-74, female"
122,"Population ages 70-74, male"
123,"Population ages 75-79, female"
124,"Population ages 75-79, male"
125,"Population ages 80 and above, female"
126,"Population ages 80 and above, male"
127,"Population, female"
128,"Population, female (% of total)"
129,"Population, male"
130,"Population, total"
131,Ratio of female to male labor force participation rate (%) (national estimate)
132,Ratio of female to male youth unemployment rate (%) (national estimate)
133,Sex ratio at birth (male births per female births)
134,Sons and daughters have equal rights to inherit assets from their parents (1=yes; 0=no)
135,Start-up procedures to register a business (number)
136,"Start-up procedures to register a business, female (number)"
137,"Start-up procedures to register a business, male (number)"
138,The age at which women and men can retire with full pension benefits is the same (1=yes; 0=no)
139,The age at which women and men can retire with partial pension benefits is the same (1=yes; 0=no)
140,The government administers 100 percent of maternity leave benefits (1=yes; 0=no)
141,The law grants spouses equal administrative authority over assets during marriage (1=yes; 0=no)
142,The law is free of legal provisions that require a married woman to obey her husband (1=yes; 0=no)
143,The law prohibits discrimination in access to credit based on gender (1=yes; 0=no)
144,The law prohibits discrimination in employment based on gender (1=yes; 0=no)
145,The law provides for the valuation of nonmonetary contributions (1=yes; 0=no)
146,The mandatory retirement age for women and men is the same (1=yes; 0=no)
147,There are periods of absence due to childcare accounted for in pension benefits (1=yes; 0=no)
148,There is legislation on sexual harassment in employment (1=yes; 0=no)
149,There is legislation specifically addressing domestic violence (1=yes; 0=no)
150,There is paid parental leave (1=yes; 0=no)
151,Time required to start a business (days)
152,"Time required to start a business, female (days)"
153,"Time required to start a business, male (days)"
154,"Unemployment, female (% of female labor force) (national estimate)"
155,"Unemployment, male (% of male labor force) (national estimate)"
156,"Unemployment, total (% of total labor force) (national estimate)"
157,"Unemployment, youth female (% of female labor force ages 15-24) (national estimate)"
158,"Unemployment, youth male (% of male labor force ages 15-24) (national estimate)"
159,"Unemployment, youth total (% of total labor force ages 15-24) (national estimate)"
160,Women Business and the Law Index Score (scale 1-100)
161,Women and men have equal ownership rights to immovable property (1=yes; 0=no)
